{"cameraMode":{"drawMode":0,"name":"Shaded","section":"Shading Mode"},"sceneLighting":true,"audioPlay":false,"sceneViewState":{"showFog":true,"showMaterialUpdate":false,"showSkybox":false,"showFlares":true,"showImageEffects":true,"showParticleSystems":true},"in2DMode":false,"pivot":{"x":38.4917106628418,"y":1.9913389682769776,"z":1.7107912302017213},"rotation":{"x":0.006965914275497198,"y":0.7481940388679504,"z":-0.007856342941522599,"w":0.663396954536438},"size":23.391883850097658,"orthographic":false}