{"cameraMode":{"drawMode":0,"name":"Shaded","section":"Shading Mode"},"sceneLighting":false,"audioPlay":false,"sceneViewState":{"showFog":true,"showMaterialUpdate":false,"showSkybox":false,"showFlares":true,"showImageEffects":true,"showParticleSystems":true},"in2DMode":false,"pivot":{"x":1.627434492111206,"y":0.7341861724853516,"z":-0.36591219902038576},"rotation":{"x":-0.3324626088142395,"y":-0.0279677901417017,"z":0.009856144897639752,"w":-0.9428595304489136},"size":1.1862006187438965,"orthographic":false}