{"cameraMode":{"drawMode":0,"name":"Shaded","section":"Shading Mode"},"sceneLighting":false,"audioPlay":false,"sceneViewState":{"showFog":true,"showMaterialUpdate":false,"showSkybox":false,"showFlares":true,"showImageEffects":true,"showParticleSystems":true},"in2DMode":false,"pivot":{"x":1.2145615816116334,"y":-0.10806899517774582,"z":0.9834863543510437},"rotation":{"x":-0.318844735622406,"y":-0.07493584603071213,"z":0.02527979388833046,"w":-0.944710910320282},"size":2.873082160949707,"orthographic":false}