{"cameraMode":{"drawMode":0,"name":"Shaded","section":"Shading Mode"},"sceneLighting":false,"audioPlay":false,"sceneViewState":{"showFog":true,"showMaterialUpdate":false,"showSkybox":false,"showFlares":true,"showImageEffects":true,"showParticleSystems":true},"in2DMode":false,"pivot":{"x":1.0392026901245118,"y":0.5064618587493897,"z":0.791203498840332},"rotation":{"x":-0.23412296175956727,"y":0.3073538839817047,"z":-0.07804645597934723,"w":-0.919324517250061},"size":1.9730823040008546,"orthographic":false}