{"cameraMode":{"drawMode":0,"name":"Shaded","section":"Shading Mode"},"sceneLighting":true,"audioPlay":false,"sceneViewState":{"showFog":true,"showMaterialUpdate":false,"showSkybox":false,"showFlares":true,"showImageEffects":true,"showParticleSystems":true},"in2DMode":false,"pivot":{"x":17.341808319091798,"y":0.16856439411640168,"z":23.402048110961915},"rotation":{"x":-0.01379470620304346,"y":0.006870286539196968,"z":-0.0012033103266730905,"w":-1.0003124475479127},"size":15.706575393676758,"orthographic":false}