{"cameraMode":{"drawMode":0,"name":"Shaded","section":"Shading Mode"},"sceneLighting":false,"audioPlay":false,"sceneViewState":{"showFog":true,"showMaterialUpdate":false,"showSkybox":false,"showFlares":true,"showImageEffects":true,"showParticleSystems":true},"in2DMode":false,"pivot":{"x":0.3195470869541168,"y":0.852002739906311,"z":0.9323302507400513},"rotation":{"x":0.12114202231168747,"y":-0.03687400370836258,"z":-0.004533182829618454,"w":-0.9921409487724304},"size":1.3977751731872559,"orthographic":false}