{"cameraMode":{"drawMode":0,"name":"Shaded","section":"Shading Mode"},"sceneLighting":false,"audioPlay":false,"sceneViewState":{"showFog":true,"showMaterialUpdate":false,"showSkybox":false,"showFlares":true,"showImageEffects":true,"showParticleSystems":true},"in2DMode":false,"pivot":{"x":0.19327247142791749,"y":1.1603999137878419,"z":-0.660577654838562},"rotation":{"x":-0.3300875127315521,"y":0.0030761598609387876,"z":-0.0015470768557861448,"w":-0.9442535042762756},"size":1.3730823993682862,"orthographic":false}