{"cameraMode":{"drawMode":0,"name":"Shaded","section":"Shading Mode"},"sceneLighting":false,"audioPlay":false,"sceneViewState":{"showFog":true,"showMaterialUpdate":false,"showSkybox":false,"showFlares":true,"showImageEffects":true,"showParticleSystems":true},"in2DMode":false,"pivot":{"x":-1.0692251920700074,"y":-0.37651073932647707,"z":2.14418888092041},"rotation":{"x":-0.12604348361492158,"y":0.24761126935482026,"z":-0.03245501592755318,"w":-0.9602845311164856},"size":2.573082208633423,"orthographic":false}