{"cameraMode":{"drawMode":0,"name":"Shaded","section":"Shading Mode"},"sceneLighting":true,"audioPlay":false,"sceneViewState":{"showFog":true,"showMaterialUpdate":false,"showSkybox":false,"showFlares":true,"showImageEffects":true,"showParticleSystems":true},"in2DMode":false,"pivot":{"x":5.883906841278076,"y":1.8688510656356812,"z":2.07519268989563},"rotation":{"x":-0.14052389562129975,"y":0.15565013885498048,"z":-0.022761698812246324,"w":-0.9778045415878296},"size":4.405823230743408,"orthographic":false}