{"cameraMode":{"drawMode":0,"name":"Shaded","section":"Shading Mode"},"sceneLighting":false,"audioPlay":false,"sceneViewState":{"showFog":true,"showMaterialUpdate":false,"showSkybox":false,"showFlares":true,"showImageEffects":true,"showParticleSystems":true},"in2DMode":false,"pivot":{"x":0.20907796919345857,"y":0.4289703369140625,"z":-0.5279262065887451},"rotation":{"x":-0.3324626088142395,"y":-0.0279677901417017,"z":0.009856144897639752,"w":-0.9428595304489136},"size":1.7862005233764649,"orthographic":false}