{"cameraMode":{"drawMode":0,"name":"Shaded","section":"Shading Mode"},"sceneLighting":false,"audioPlay":false,"sceneViewState":{"showFog":true,"showMaterialUpdate":false,"showSkybox":false,"showFlares":true,"showImageEffects":true,"showParticleSystems":true},"in2DMode":false,"pivot":{"x":-0.9208927154541016,"y":0.3838611841201782,"z":-1.712850570678711},"rotation":{"x":-0.16990616917610169,"y":0.657231330871582,"z":-0.15615980327129365,"w":-0.7178988456726074},"size":1.6730823516845704,"orthographic":false}