{"cameraMode":{"drawMode":0,"name":"Shaded","section":"Shading Mode"},"sceneLighting":false,"audioPlay":false,"sceneViewState":{"showFog":true,"showMaterialUpdate":false,"showSkybox":false,"showFlares":true,"showImageEffects":true,"showParticleSystems":true},"in2DMode":false,"pivot":{"x":-0.38749998807907107,"y":0.10625000298023224,"z":-0.5},"rotation":{"x":-0.4786195158958435,"y":0.038480911403894427,"z":-0.021008970215916635,"w":-0.8771524429321289},"size":0.7977752089500427,"orthographic":false}