{"cameraMode":{"drawMode":0,"name":"Shaded","section":"Shading Mode"},"sceneLighting":false,"audioPlay":false,"sceneViewState":{"showFog":true,"showMaterialUpdate":false,"showSkybox":false,"showFlares":true,"showImageEffects":true,"showParticleSystems":true},"in2DMode":false,"pivot":{"x":0.7651925683021545,"y":2.2740888595581056,"z":-1.6522068977355958},"rotation":{"x":-0.3324626088142395,"y":-0.0279677901417017,"z":0.009856144897639752,"w":-0.9428595304489136},"size":0.8862006664276123,"orthographic":false}