{"cameraMode":{"drawMode":0,"name":"Shaded","section":"Shading Mode"},"sceneLighting":false,"audioPlay":false,"sceneViewState":{"showFog":true,"showMaterialUpdate":false,"showSkybox":false,"showFlares":true,"showImageEffects":true,"showParticleSystems":true},"in2DMode":false,"pivot":{"x":0.0,"y":0.10625000298023224,"z":-0.05499988794326782},"rotation":{"x":0.3385712206363678,"y":-0.0022830215748399498,"z":0.0010348226642236114,"w":0.9412400722503662},"size":1.0545291900634766,"orthographic":false}