{"cameraMode":{"drawMode":0,"name":"Shaded","section":"Shading Mode"},"sceneLighting":false,"audioPlay":false,"sceneViewState":{"showFog":true,"showMaterialUpdate":false,"showSkybox":false,"showFlares":true,"showImageEffects":true,"showParticleSystems":true},"in2DMode":false,"pivot":{"x":0.6151964068412781,"y":1.5124073028564454,"z":-0.7263469099998474},"rotation":{"x":-0.2719332277774811,"y":0.06523437798023224,"z":-0.01850954256951809,"w":-0.960132896900177},"size":2.2730822563171388,"orthographic":false}